Component Name;Application;Category;Type;Database;LCI-ID;Lambda;R-Value;U-Value;Min Density;Max Density;Functional Unit;Type of Assembly;Material;Waste Category;Landfill;Incineration;Reuse;Recycling;Sorted on Building Site
Kingspan | Sandwich panel | Gypsum board - chipboard - OSB - EPS graphite | Excluding fixations;Flat roof | Slab;Sandwich panel;Specific component (EPD);Ecoinvent 3.6;EPD10026-1;0.031;5.4839;;16.4;16.4;sqm;Unknown, depends on the construction method;EPS;Synthetic insulation materials;0.05;0.95;0.0;0.0;Not available
Kingspan | Sandwich panel | Gypsum board - chipboard - OSB - EPS graphite | Excluding fixations;Pitched roof | Slab;Sandwich panel;Specific component (EPD);Ecoinvent 3.6;EPD10025-1;0.031;5.9677;;16.4;16.4;sqm;Unknown, depends on the construction method;EPS;Synthetic insulation materials;0.05;0.95;0.0;0.0;Not available
Kingspan | Sandwich panel | Gypsum board - chipboard - EPS graphite | Excluding fixations;Pitched roof | Slab;Sandwich panel;Specific component (EPD);Ecoinvent 3.6;EPD10021-1;0.031;4.7097;;16.4;16.4;sqm;Unknown, depends on the construction method;EPS;Synthetic insulation materials;0.05;0.95;0.0;0.0;Not available
Kingspan | Sandwich panel | Gypsum board - chipboard - EPS graphite | Excluding fixations | Certified;Pitched roof | Slab;Sandwich panel;Specific component (EPD);Ecoinvent 3.6;EPD10022-1;0.031;4.7097;;16.4;16.4;sqm;Unknown, depends on the construction method;EPS;Synthetic insulation materials;0.05;0.95;0.0;0.0;Not available
Kingspan | Sandwich panel | Gypsum board - chipboard - EPS graphite | Excluding fixations;Pitched roof | Slab;Sandwich panel;Specific component (EPD);Ecoinvent 3.6;EPD10024-1;0.037;5.0;;12.8;12.8;sqm;Unknown, depends on the construction method;EPS;Synthetic insulation materials;0.05;0.95;0.0;0.0;Not available
Kingspan | Sandwich panel | Gypsum fibre board - chipboard - EPS graphite | Excluding fixations;Pitched roof | Slab;Sandwich panel;Specific component (EPD);Ecoinvent 3.6;EPD10023-1;0.031;4.8065;;16.4;16.4;sqm;Unknown, depends on the construction method;EPS;Synthetic insulation materials;0.05;0.95;0.0;0.0;Not available
Kingspan | Sandwich panel | Gypsum fibre board - chipboard - EPS graphite | Excluding fixations;Pitched roof | Slab;Sandwich panel;Specific component (EPD);Ecoinvent 3.6;EPD10027-1;0.031;7.0323;;16.4;16.4;sqm;Unknown, depends on the construction method;EPS;Synthetic insulation materials;0.05;0.95;0.0;0.0;Not available
Kingspan | Board | EPS graphite | Excluding fixations;Roof finish | Thermal insulation - inclined surfaces;Sandwich panel;Specific component (EPD);Ecoinvent 3.6;EPD10028-1;0.031;4.5161;;16.4;16.4;sqm;Unknown, depends on the construction method;EPS;Synthetic insulation materials;0.05;0.95;0.0;0.0;Not available
Kingspan | Board | Resol - glass fibre facer | Excluding fixations;Ceiling finish | Thermal insulation;Insulation;Specific component (EPD);Ecoinvent 3.6;EPD10016-1;0.021;3.3333;;35.0;35.0;sqm;Unknown, depends on the construction method;Resol;Synthetic insulation materials;0.05;0.95;0.0;0.0;Not available
Kingspan | Board | Resol - aluminium facer | For between timber or steel frame;External wall - loadbearing | Thermal insulation;Insulation;Specific component (EPD);Ecoinvent 3.6;EPD10019-1;0.021;3.8095;;35.0;35.0;sqm;Unknown, depends on the construction method;Resol;Synthetic insulation materials;0.05;0.95;0.0;0.0;Not available
Kingspan | Board | Resol - glass fibre facer | Excluding fixations | For concrete sandwich panel;External wall - loadbearing | Thermal insulation;Insulation;Specific component (EPD);Ecoinvent 3.6;EPD10017-1;0.021;3.3333;;35.0;35.0;sqm;Unknown, depends on the construction method;Resol;Synthetic insulation materials;0.05;0.95;0.0;0.0;Not available
Kingspan | Board | Resol - glass fibre facer | Upon floor slab;Floor finish | Thermal insulation;Insulation;Specific component (EPD);Ecoinvent 3.6;EPD10015-1;0.021;3.3333;;35.0;35.0;sqm;Loose laid;Resol;Synthetic insulation materials;0.05;0.95;0.0;0.0;Not available
Kingspan | Board | Resol - aluminium facer | Excluding fixations | For ventilated facade;Wall - external finish | Thermal insulation;Insulation;Specific component (EPD);Ecoinvent 3.6;EPD10020-1;0.021;3.8095;;35.0;35.0;sqm;Unknown, depends on the construction method;Resol;Synthetic insulation materials;0.05;0.95;0.0;0.0;Not available
Kingspan | Board | Resol - aluminium facer | For cavity wall | Ties and clips to be added;Wall - external finish | Thermal insulation;Insulation;Specific component (EPD);Ecoinvent 3.6;EPD10014-1;0.021;3.8095;;35.0;35.0;sqm;Unknown, depends on the construction method;Resol;Synthetic insulation materials;0.05;0.95;0.0;0.0;Not available
Kingspan | Board | Resol - glass fibre facer | Excluding fixations | To be plastered;Wall - external finish | Thermal insulation;Insulation;Specific component (EPD);Ecoinvent 3.6;EPD10018-1;0.021;3.8095;;35.0;35.0;sqm;Unknown, depends on the construction method;Resol;Synthetic insulation materials;0.05;0.95;0.0;0.0;Not available
P.M.W. | Rigid tiles | Blue stone | Laid in lime mortar;Floor finish | Cladding;Rigid flooring;Specific component (EPD);Ecoinvent 3.6;EPD448-1;2.3;0.0087;;2687.0;2687.0;sqm;Fixed with lime mortar (Rjoint = Rmat);Blue stone;Other stony waste;0.02;0.38;0.6;0.0;Not available
P.M.W. | Rigid tiles | Blue stone | Laid in lime mortar;Wall - internal finish | Cladding;Rigid flooring;Specific component (EPD);Ecoinvent 3.6;EPD448-2;2.3;0.0087;;2687.0;2687.0;sqm;Fixed with lime mortar (Rjoint = Rmat);Blue stone;Other stony waste;0.02;0.38;0.6;0.0;Not available
Derbigum | Proofing sheet | Polymer bitumen | Toplayer | Welded;Roof finish | Cladding - horizontal surfaces;Roofs/Walls cladding (exterior);Specific component (EPD);Ecoinvent 3.6;EPD457-1;0.23;0.0174;;1126.0;1126.0;sqm;Unknown, depends on the construction method;Bitumen;Bitumen;0.05;0.0;0.0;0.95;Not available
Derbigum | Proofing sheet | Polymer bitumen | Sublayer | Excluding fixations;Roof finish | Cladding - horizontal surfaces;Roofs/Walls cladding (exterior);Specific component (EPD);Ecoinvent 3.6;EPD418-1;0.23;0.0109;;1.225;1.225;sqm;Unknown, depends on the construction method;Bitumen;Bitumen;0.05;0.0;0.0;0.95;Not available
Belgian Brick Association | Paving stones | Fired clay;Ground surface treatment | Surfacing;Ground surface treatment;Specific component (EPD);Ecoinvent 3.6;EPD307-2;;;;1040.0;2100.0;kg;Unknown, depends on the construction method;Ceramic bricks;Bricks, roof tiles;0.05;0.0;0.0;0.95;Not available
Belgian Brick Association | Bricks | Fired clay;Wall - external finish | Cladding;Masonry element (solid);Specific component (EPD);Ecoinvent 3.6;EPD307-3;;;;1040.0;2100.0;kg;Unknown, depends on the construction method;Ceramic bricks;Bricks, roof tiles;0.05;0.0;0.0;0.95;Not available
Belgian Brick Association | Hollow bricks | Fired clay;Internal wall - loadbearing | Primary part;Masonry element (solid);Specific component (EPD);Ecoinvent 3.6;EPD333-1;;;;850.0;1150.0;kg;Unknown, depends on the construction method;Ceramic blocks;Bricks, roof tiles;0.05;0.0;0.0;0.95;Not available
Belgian Brick Association | Hollow bricks | Fired clay;External wall - loadbearing | Primary part;Masonry element (solid);Specific component (EPD);Ecoinvent 3.6;EPD333-2;;;;850.0;1150.0;kg;Unknown, depends on the construction method;Ceramic blocks;Bricks, roof tiles;0.05;0.0;0.0;0.95;Not available
P.M.W. | Rubble stones | Sandstone;Wall - external finish | Cladding;Masonry element (solid);Specific component (EPD);Ecoinvent 3.6;EPD340-1;2.3;0.0565;;2620.0;2620.0;sqm;Fixed with lime mortar (Rjoint = Rmat);Sandstone;Other stony waste;0.05;0.0;0.0;0.95;Not available
OEWB | Rectangular section | Glued laminated timber (200x945 mm);Building frame | Beam;Wood structure;Specific component (EPD);Ecoinvent 3.5;EPD136-1;0.15;6.3;;512.8;512.8;m;Bolted (bolts not modelled);Wood;Untreated, uncontaminated wood;0.0;0.25;0.0;0.75;Not available
OEWB | Rectangular section | Glued laminated timber (115x405 mm);Building frame | Beam;Wood structure;Specific component (EPD);Ecoinvent 3.5;EPD136-2;0.15;2.7;;512.8;512.8;m;Bolted (bolts not modelled);Wood;Untreated, uncontaminated wood;0.0;0.25;0.0;0.75;Not available
OEWB | Rectangular section | Glued laminated timber (140x585 mm);Building frame | Beam;Wood structure;Specific component (EPD);Ecoinvent 3.5;EPD136-5;0.15;3.9;;512.8;512.8;m;Bolted (bolts not modelled);Wood;Untreated, uncontaminated wood;0.0;0.25;0.0;0.75;Not available
OEWB | Rectangular section | Glued laminated timber;Building frame | Beam;Wood structure;Specific component (EPD);Ecoinvent 3.5;EPD136-10;0.15;6.6667;;512.8;512.8;cbm;Bolted (bolts not modelled);Wood;Untreated, uncontaminated wood;0.0;0.25;0.0;0.75;Not available
STABILAME | Panel | Glued CLT | Screwed;External wall - loadbearing | Primary part;Wood structure;Specific component (EPD);Ecoinvent 3.6;EPD130-1;0.13;1.2308;;470.0;470.0;sqm;Glued;Wood;Untreated, uncontaminated wood;0.0;0.25;0.0;0.75;Not available
STABILAME | Panel | Glued CLT | Screwed;Roof | Slab;Wood structure;Specific component (EPD);Ecoinvent 3.6;EPD130-2;0.13;1.2308;;470.0;470.0;sqm;Glued;Wood;Untreated, uncontaminated wood;0.0;0.25;0.0;0.75;Not available
STABILAME | Panel | Glued CLT | Screwed;Floor | Slab;Wood structure;Specific component (EPD);Ecoinvent 3.6;EPD130-3;0.13;1.2308;;470.0;470.0;sqm;Glued;Wood;Untreated, uncontaminated wood;0.0;0.25;0.0;0.75;Not available
STABILAME | Panel | Glued CLT | Screwed;Internal wall - loadbearing | Primary part;Wood structure;Specific component (EPD);Ecoinvent 3.6;EPD130-4;0.13;1.2308;;470.0;470.0;sqm;Glued;Wood;Untreated, uncontaminated wood;0.0;0.25;0.0;0.75;Not available
STABILAME | Panel | Nailed CLT | Screwed;External wall - loadbearing | Primary part;Wood structure;Specific component (EPD);Ecoinvent 3.6;EPD128-1;0.11;1.4636;;470.0;470.0;sqm;Nailed;Wood;Untreated, uncontaminated wood;0.0;0.25;0.0;0.75;Not available
STABILAME | Panel | Nailed CLT | Screwed;Internal wall - loadbearing | Primary part;Wood structure;Specific component (EPD);Ecoinvent 3.6;EPD128-2;0.11;1.4636;;470.0;470.0;sqm;Nailed;Wood;Untreated, uncontaminated wood;0.0;0.25;0.0;0.75;Not available
ISOPROC | Board | Bituminised wood fibre (22 mm) | Nailed;Roof finish | Sub-roof;Board;Specific component (EPD);Ecoinvent 3.6;EPD192-1;0.048;0.4583;;260.0;260.0;sqm;Nailed;Fiberboard;Mineral insulation materials;0.05;0.95;0.0;0.0;Not available
ISOPROC | Board | Bituminised wood fibre (22 mm) | Nailed;Wall - external finish | Support structure;Board;Specific component (EPD);Ecoinvent 3.6;EPD192-2;0.048;0.4583;;260.0;260.0;sqm;Nailed;Fiberboard;Mineral insulation materials;0.05;0.95;0.0;0.0;Not available
VestaEco | Board | Compressed straw fibers (30 mm) | Excluding fixations;Wall - internal finish | Support structure;Board;Specific component (EPD);Ecoinvent 3.6;EPD179-1;0.043;0.6977;;280.0;280.0;sqm;;Straw panel;Organic insulation materials;0.05;0.95;0.0;0.0;Not available
VestaEco | Board | Compressed straw fibers (30 mm) | Excluding fixations;Ceiling finish | Support structure;Board;Specific component (EPD);Ecoinvent 3.6;EPD179-2;0.043;0.6977;;280.0;280.0;sqm;;Straw panel;Organic insulation materials;0.05;0.95;0.0;0.0;Not available
VestaEco | Board | Compressed straw fibers (30 mm) | Excluding fixations;Ceiling finish | Support structure;Board;Specific component (EPD);Ecoinvent 3.6;EPD179-3;0.043;0.6977;;280.0;280.0;sqm;;Straw panel;Organic insulation materials;0.05;0.95;0.0;0.0;Not available
ISOPROC | Board | Bituminised wood fibre (18 mm) | Nailed;Wall - external finish | Support structure;Board;Specific component (EPD);Ecoinvent 3.6;EPD174-1;0.048;0.375;;260.0;260.0;sqm;Nailed;Fiberboard;Mineral insulation materials;0.05;0.95;0.0;0.0;Not available
ARGEX | Loose filling | Expanded clay (1 m³) | 370 kg/m³;Floor bed | Leveling layer;Mortar, aggregates, sand;Specific component (EPD);Ecoinvent 3.6;EPD271-1;0.114;8.7719;;370.0;370.0;cbm;Loose laid;Expanded clay;Bulk materials;0.05;0.0;0.95;0.0;Not available
ARGEX | Loose filling | Expanded clay (1 m³) | 500 kg/m³;Floor bed | Leveling layer;Mortar, aggregates, sand;Specific component (EPD);Ecoinvent 3.6;EPD276-1;0.114;8.7719;;500.0;500.0;cbm;Loose laid;Expanded clay;Bulk materials;0.05;0.0;0.95;0.0;Not available
ARGEX | Loose filling | Expanded clay (1 m³) | 430 kg/m³;Floor bed | Leveling layer;Mortar, aggregates, sand;Specific component (EPD);Ecoinvent 3.6;EPD277-1;0.114;8.7719;;430.0;430.0;cbm;Loose laid;Expanded clay;Bulk materials;0.05;0.0;0.95;0.0;Not available
ARGEX | Loose filling | Expanded clay (1 m³) | 340 kg/m³;Floor bed | Leveling layer;Mortar, aggregates, sand;Specific component (EPD);Ecoinvent 3.6;EPD278-1;0.114;8.7719;;340.0;340.0;cbm;Loose laid;Expanded clay;Bulk materials;0.05;0.0;0.95;0.0;Not available
P.M.W. | Cobblestones | Sandstone;Ground surface treatment | Surfacing;Ground surface treatment;Specific component (EPD);Ecoinvent 3.6;EPD328-1;2.3;0.037;;2621.0;2621.0;sqm;Loose laid with sand cement mortar (R = Rmat);Cobblestones;Other stony waste;0.008;0.0;0.85;0.142;Not available
ISOPROC | Flakes | Cellulose | For between timber frame | Blown on site;External wall | Thermal insulation;Insulation;Specific component (EPD);Ecoinvent 3.6;EPD227-1;0.038;3.5;;50.0;50.0;sqm;Loose laid;Cellulose;Organic insulation materials;0.0;1.0;0.0;0.0;Not available
ISOPROC | Flakes | Cellulose | For between timber frame | Blown on site;Floor | Thermal insulation;Insulation;Specific component (EPD);Ecoinvent 3.6;EPD255-1;0.038;7.0;;30.0;30.0;sqm;Loose laid;Cellulose;Organic insulation materials;0.0;1.0;0.0;0.0;Not available
ISOLA | Granules | Recycled PUR;Floor finish | Acoustic insulation;Insulation;Specific component (EPD);Ecoinvent 3.6;EPD10007-1;0.0446;1.1211;;235.0;235.0;sqm;Loose laid but covered by/integrated in concrete;PUR;Synthetic insulation materials;0.05;0.95;0.0;0.0;Not available
IsoHemp | Blocks | Hempcrete | Glued;Internal wall - non-loadbearing | Primary part;Insulation;Specific component (EPD);Ecoinvent 3.6;EPD269-1;0.071;5.0704;;340.0;340.0;sqm;Masonry with adhesive mortar (Rjoint ≥ Rmat);Hempcrete;Non-combustible remaining waste;1.0;0.0;0.0;0.0;Not available
ARGEX | Loose filling | Expanded clay | 340 kg/m³;Floor finish | Thermal insulation;Insulation;Specific component (EPD);Ecoinvent 3.6;EPD279-1;0.114;1.0;;340.0;340.0;sqm;Loose laid;Expanded clay;Bulk materials;0.05;0.0;0.95;0.0;Not available
ARGEX | Loose filling | Expanded clay | 340 kg/m³;Roof finish | Thermal insulation - horizontal surfaces;Insulation;Specific component (EPD);Ecoinvent 3.6;EPD279-2;0.114;1.0;;340.0;340.0;sqm;Loose laid;Expanded clay;Bulk materials;0.05;0.0;0.95;0.0;Not available
FOAMGLAS | Board | Cellular glass | Excluding fixations | 95 kg/m³;Ceiling finish | Thermal insulation;Insulation;Specific component (EPD);Ecoinvent 3.6;EPD194-1;0.036;1.3889;;95.0;95.0;sqm;Unknown, depends on the construction method;Foamglas;Mineral insulation materials;0.45;0.45;0.0;0.1;Not available
FOAMGLAS | Board | Cellular glass | Excluding fixations | 95 kg/m³;Wall - internal finish | Thermal insulation;Insulation;Specific component (EPD);Ecoinvent 3.6;EPD194-2;0.036;1.3889;;95.0;95.0;sqm;Unknown, depends on the construction method;Foamglas;Mineral insulation materials;0.45;0.45;0.0;0.1;Not available
FOAMGLAS | Board | Cellular glass | Excluding fixations | 95 kg/m³;Wall - external finish | Thermal insulation;Insulation;Specific component (EPD);Ecoinvent 3.6;EPD194-3;0.036;1.3889;;95.0;95.0;sqm;Unknown, depends on the construction method;Foamglas;Mineral insulation materials;0.45;0.45;0.0;0.1;Not available
FOAMGLAS | Board | Cellular glass | Excluding fixations | 95 kg/m³;Roof finish | Thermal insulation - inclined surfaces;Insulation;Specific component (EPD);Ecoinvent 3.6;EPD194-4;0.036;1.3889;;95.0;95.0;sqm;Unknown, depends on the construction method;Foamglas;Mineral insulation materials;0.45;0.45;0.0;0.1;Not available
FOAMGLAS | Board | Cellular glass | Excluding fixations | 95 kg/m³;Roof finish | Thermal insulation - horizontal surfaces;Insulation;Specific component (EPD);Ecoinvent 3.6;EPD194-5;0.036;1.3889;;95.0;95.0;sqm;Unknown, depends on the construction method;Foamglas;Mineral insulation materials;0.45;0.45;0.0;0.1;Not available
FOAMGLAS | Board | Cellular glass | Excluding fixations | 95 kg/m³;Wall - external finish | Thermal insulation;Insulation;Specific component (EPD);Ecoinvent 3.6;EPD208-1;0.038;1.3158;;95.0;95.0;sqm;Unknown, depends on the construction method;Foamglas;Mineral insulation materials;0.45;0.45;0.0;0.1;Not available
FOAMGLAS | Board | Cellular glass | Excluding fixations | 95 kg/m³;Wall - internal finish | Thermal insulation;Insulation;Specific component (EPD);Ecoinvent 3.6;EPD208-2;0.038;1.3158;;95.0;95.0;sqm;Unknown, depends on the construction method;Foamglas;Mineral insulation materials;0.45;0.45;0.0;0.1;Not available
FOAMGLAS | Board | Cellular glass | Excluding fixations | 110 kg/m³;Floor finish | Thermal insulation;Insulation;Specific component (EPD);Ecoinvent 3.6;EPD197-1;0.041;1.2195;;110.0;110.0;sqm;Unknown, depends on the construction method;Foamglas;Mineral insulation materials;0.45;0.45;0.0;0.1;Not available
FOAMGLAS | Board | Cellular glass | Excluding fixations | 110 kg/m³;Roof finish | Thermal insulation - inclined surfaces;Insulation;Specific component (EPD);Ecoinvent 3.6;EPD197-2;0.041;1.2195;;110.0;110.0;sqm;Unknown, depends on the construction method;Foamglas;Mineral insulation materials;0.45;0.45;0.0;0.1;Not available
FOAMGLAS | Board | Cellular glass | Excluding fixations | 110 kg/m³;Wall - internal finish | Thermal insulation;Insulation;Specific component (EPD);Ecoinvent 3.6;EPD197-3;0.041;1.2195;;110.0;110.0;sqm;Unknown, depends on the construction method;Foamglas;Mineral insulation materials;0.45;0.45;0.0;0.1;Not available
FOAMGLAS | Board | Cellular glass | Excluding fixations | 110 kg/m³;Roof finish | Thermal insulation - horizontal surfaces;Insulation;Specific component (EPD);Ecoinvent 3.6;EPD197-4;0.041;1.2195;;110.0;110.0;sqm;Unknown, depends on the construction method;Foamglas;Mineral insulation materials;0.45;0.45;0.0;0.1;Not available
FOAMGLAS | Board | Cellular glass | Excluding fixations | 110 kg/m³;Wall - external finish | Thermal insulation;Insulation;Specific component (EPD);Ecoinvent 3.6;EPD197-6;0.041;1.2195;;110.0;110.0;sqm;Unknown, depends on the construction method;Foamglas;Mineral insulation materials;0.45;0.45;0.0;0.1;Not available
FOAMGLAS | Board | Cellular glass | Excluding fixations | 110 kg/m³;Ceiling finish | Thermal insulation;Insulation;Specific component (EPD);Ecoinvent 3.6;EPD197-7;0.041;1.2195;;110.0;110.0;sqm;Unknown, depends on the construction method;Foamglas;Mineral insulation materials;0.45;0.45;0.0;0.1;Not available
FOAMGLAS | Board | Cellular glass | Excluding fixations | 130 kg/m³;Floor finish | Thermal insulation;Insulation;Specific component (EPD);Ecoinvent 3.6;EPD206-1;0.045;1.1111;;130.0;130.0;sqm;Unknown, depends on the construction method;Foamglas;Mineral insulation materials;0.45;0.45;0.0;0.1;Not available
FOAMGLAS | Board | Cellular glass | Excluding fixations | 130 kg/m³;Roof finish | Thermal insulation - horizontal surfaces;Insulation;Specific component (EPD);Ecoinvent 3.6;EPD206-2;0.045;1.1111;;130.0;130.0;sqm;Unknown, depends on the construction method;Foamglas;Mineral insulation materials;0.45;0.45;0.0;0.1;Not available
FOAMGLAS | Board | Cellular glass | Excluding fixations | 130 kg/m³;Roof finish | Thermal insulation - inclined surfaces;Insulation;Specific component (EPD);Ecoinvent 3.6;EPD206-4;0.045;1.1111;;130.0;130.0;sqm;Unknown, depends on the construction method;Foamglas;Mineral insulation materials;0.45;0.45;0.0;0.1;Not available
FOAMGLAS | Board | Cellular glass | Excluding fixations | 165 kg/m³;Roof finish | Thermal insulation - inclined surfaces;Insulation;Specific component (EPD);Ecoinvent 3.6;EPD207-1;0.05;1.0;;165.0;165.0;sqm;Unknown, depends on the construction method;Foamglas;Mineral insulation materials;0.45;0.45;0.0;0.1;Not available
FOAMGLAS | Board | Cellular glass | Excluding fixations | 165 kg/m³;Floor finish | Thermal insulation;Insulation;Specific component (EPD);Ecoinvent 3.6;EPD207-3;0.05;1.0;;165.0;165.0;sqm;Unknown, depends on the construction method;Foamglas;Mineral insulation materials;0.45;0.45;0.0;0.1;Not available
FOAMGLAS | Board | Cellular glass | Excluding fixations | 165 kg/m³;Roof finish | Thermal insulation - horizontal surfaces;Insulation;Specific component (EPD);Ecoinvent 3.6;EPD207-4;0.05;1.0;;165.0;165.0;sqm;Unknown, depends on the construction method;Foamglas;Mineral insulation materials;0.45;0.45;0.0;0.1;Not available
Gramitherm | Board | Grass fibre | For between timber frame | Friction fitted;Wall - internal finish | Thermal insulation;Insulation;Specific component (EPD);Ecoinvent 3.6;EPD357-1;0.041;2.439;;40.0;40.0;sqm;Loose laid;grass based insulation panel;Organic insulation materials;0.05;0.95;0.0;0.0;Not available
Gramitherm | Board | Grass fibre | For between battens | Friction fitted;Ceiling finish | Thermal insulation;Insulation;Specific component (EPD);Ecoinvent 3.6;EPD357-2;0.041;2.439;;40.0;40.0;sqm;Loose laid;grass based insulation panel;Organic insulation materials;0.05;0.95;0.0;0.0;Not available
Gramitherm | Board | Grass fibre | For between timber frame | Friction fitted;External wall - loadbearing | Thermal insulation;Insulation;Specific component (EPD);Ecoinvent 3.6;EPD357-3;0.041;2.439;;40.0;40.0;sqm;Loose laid;grass based insulation panel;Organic insulation materials;0.05;0.95;0.0;0.0;Not available
Gramitherm | Board | Grass fibre | For between joists and cross beams | Friction fitted;Floor | Thermal insulation;Insulation;Specific component (EPD);Ecoinvent 3.6;EPD357-4;0.041;2.439;;40.0;40.0;sqm;Loose laid;grass based insulation panel;Organic insulation materials;0.05;0.95;0.0;0.0;Not available
Gramitherm | Board | Grass fibre | Upon floor slab;Floor finish | Thermal insulation;Insulation;Specific component (EPD);Ecoinvent 3.6;EPD357-5;0.041;2.439;;40.0;40.0;sqm;Loose laid;grass based insulation panel;Organic insulation materials;0.05;0.95;0.0;0.0;Not available
Gramitherm | Board | Grass fibre | For between timber frame | Friction fitted;Internal wall - loadbearing | Thermal insulation;Insulation;Specific component (EPD);Ecoinvent 3.6;EPD357-6;0.041;2.439;;40.0;40.0;sqm;Loose laid;grass based insulation panel;Organic insulation materials;0.05;0.95;0.0;0.0;Not available
Gramitherm | Board | Grass fibre | For between rafters | Friction fitted;Pitched roof | Thermal insulation;Insulation;Specific component (EPD);Ecoinvent 3.6;EPD357-7;0.041;2.439;;40.0;40.0;sqm;Loose laid;grass based insulation panel;Organic insulation materials;0.05;0.95;0.0;0.0;Not available
ISOMO | Board | EPS | Excluding fixations | Compressive strength 60 kPa;Roof finish | Thermal insulation - inclined surfaces;Insulation;Specific component (EPD);Ecoinvent 3.6;EPD21-1;0.038;1.5789;;14.03;14.03;sqm;Unknown, depends on the construction method;EPS;Synthetic insulation materials;0.05;0.95;0.0;0.0;Not available
ISOMO | Board | EPS | Excluding fixations | Compressive strength 60 kPa;Floor finish | Thermal insulation;Insulation;Specific component (EPD);Ecoinvent 3.6;EPD21-2;0.038;0.6579;;14.03;14.03;sqm;Loose laid;EPS;Synthetic insulation materials;0.05;0.95;0.0;0.0;Not available
ISOMO | Board | EPS | Excluding fixations | Compressive strength 60 kPa;Roof finish | Thermal insulation - horizontal surfaces;Insulation;Specific component (EPD);Ecoinvent 3.6;EPD21-3;0.038;3.9474;;14.03;14.03;sqm;Loose laid;EPS;Synthetic insulation materials;0.05;0.95;0.0;0.0;Not available
ISOMO | Board | EPS | For cavity wall | Ties and clips to be added | Compressive strength 60 kPa;Wall - external finish | Thermal insulation;Insulation;Specific component (EPD);Ecoinvent 3.6;EPD21-4;0.038;1.7105;;14.03;14.03;sqm;Loose laid;EPS;Synthetic insulation materials;0.05;0.95;0.0;0.0;Not available
ISOMO | Board | EPS | Excluding fixations | To be plastered | Compressive strength 60 kPa;Wall - external finish | Thermal insulation;Insulation;Specific component (EPD);Ecoinvent 3.6;EPD21-5;0.038;3.8158;;14.03;14.03;sqm;Loose laid;EPS;Synthetic insulation materials;0.05;0.95;0.0;0.0;Not available
ISOMO | Board | EPS | Excluding fixations | Compressive strength 100 kPa;Floor finish | Thermal insulation;Insulation;Specific component (EPD);Ecoinvent 3.6;EPD180-1;0.036;0.6944;;17.96;17.96;sqm;Unknown, depends on the construction method;EPS;Synthetic insulation materials;0.05;0.95;0.0;0.0;Not available
ISOMO | Board | EPS | Excluding fixations | Compressive strength 100 kPa;Roof finish | Thermal insulation - inclined surfaces;Insulation;Specific component (EPD);Ecoinvent 3.6;EPD180-2;0.036;1.6667;;17.96;17.96;sqm;Loose laid;EPS;Synthetic insulation materials;0.05;0.95;0.0;0.0;Not available
ISOMO | Board | EPS | Excluding fixations | Compressive strength 100 kPa;Roof finish | Thermal insulation - horizontal surfaces;Insulation;Specific component (EPD);Ecoinvent 3.6;EPD180-3;0.036;4.1667;;17.96;17.96;sqm;Loose laid;EPS;Synthetic insulation materials;0.05;0.95;0.0;0.0;Not available
ISOMO | Board | EPS | For cavity wall | Ties and clips to be added | Compressive strength 100 kPa;Wall - external finish | Thermal insulation;Insulation;Specific component (EPD);Ecoinvent 3.6;EPD180-4;0.036;1.8056;;17.96;17.96;sqm;Loose laid;EPS;Synthetic insulation materials;0.05;0.95;0.0;0.0;Not available
ISOMO | Board | EPS | Excluding fixations | To be plastered | Compressive strength 100 kPa;Wall - external finish | Thermal insulation;Insulation;Specific component (EPD);Ecoinvent 3.6;EPD180-5;0.036;4.0278;;17.96;17.96;sqm;Loose laid;EPS;Synthetic insulation materials;0.05;0.95;0.0;0.0;Not available
ISOMO | Board | EPS | Excluding fixations | Compressive strength 120 kPa;Floor finish | Thermal insulation;Insulation;Specific component (EPD);Ecoinvent 3.6;EPD181-1;0.035;0.7143;;20.68;20.68;sqm;Unknown, depends on the construction method;EPS;Synthetic insulation materials;0.05;0.95;0.0;0.0;Not available
ISOMO | Board | EPS | Excluding fixations | Compressive strength 120 kPa;Roof finish | Thermal insulation - inclined surfaces;Insulation;Specific component (EPD);Ecoinvent 3.6;EPD181-2;0.035;1.7143;;20.68;20.68;sqm;Loose laid;EPS;Synthetic insulation materials;0.05;0.95;0.0;0.0;Not available
ISOMO | Board | EPS | Excluding fixations | Compressive strength 120 kPa;Roof finish | Thermal insulation - horizontal surfaces;Insulation;Specific component (EPD);Ecoinvent 3.6;EPD181-3;0.035;4.2857;;20.68;20.68;sqm;Loose laid;EPS;Synthetic insulation materials;0.05;0.95;0.0;0.0;Not available
ISOMO | Board | EPS | For cavity wall | Ties and clips to be added | Compressive strength 120 kPa;Wall - external finish | Thermal insulation;Insulation;Specific component (EPD);Ecoinvent 3.6;EPD181-4;0.035;1.8571;;20.68;20.68;sqm;Loose laid;EPS;Synthetic insulation materials;0.05;0.95;0.0;0.0;Not available
ISOMO | Board | EPS | Excluding fixations | To be plastered | Compressive strength 120 kPa;Wall - external finish | Thermal insulation;Insulation;Specific component (EPD);Ecoinvent 3.6;EPD181-5;0.035;4.1429;;20.68;20.68;sqm;Loose laid;EPS;Synthetic insulation materials;0.05;0.95;0.0;0.0;Not available
ISOMO | Board | EPS | Excluding fixations | Compressive strength 200 kPa;Floor finish | Thermal insulation;Insulation;Specific component (EPD);Ecoinvent 3.6;EPD182-1;0.034;0.7353;;28.67;28.67;sqm;Unknown, depends on the construction method;EPS;Synthetic insulation materials;0.05;0.95;0.0;0.0;Not available
ISOMO | Board | EPS | Excluding fixations | Compressive strength 200 kPa;Roof finish | Thermal insulation - inclined surfaces;Insulation;Specific component (EPD);Ecoinvent 3.6;EPD182-2;0.034;1.7647;;28.67;28.67;sqm;Loose laid;EPS;Synthetic insulation materials;0.05;0.95;0.0;0.0;Not available
ISOMO | Board | EPS | Excluding fixations | Compressive strength 200 kPa;Roof finish | Thermal insulation - horizontal surfaces;Insulation;Specific component (EPD);Ecoinvent 3.6;EPD182-3;0.034;4.4118;;28.67;28.67;sqm;Loose laid;EPS;Synthetic insulation materials;0.05;0.95;0.0;0.0;Not available
ISOMO | Board | EPS | For cavity wall | Ties and clips to be added | Compressive strength 200 kPa;Wall - external finish | Thermal insulation;Insulation;Specific component (EPD);Ecoinvent 3.6;EPD182-4;0.034;1.9118;;28.67;28.67;sqm;Loose laid;EPS;Synthetic insulation materials;0.05;0.95;0.0;0.0;Not available
ISOMO | Board | EPS | Excluding fixations | To be plastered | Compressive strength 200 kPa;Wall - external finish | Thermal insulation;Insulation;Specific component (EPD);Ecoinvent 3.6;EPD182-5;0.034;4.2647;;28.67;28.67;sqm;Loose laid;EPS;Synthetic insulation materials;0.05;0.95;0.0;0.0;Not available
ISOMO | Board | EPS | Excluding fixations | Compressive strength 40 kPa;Floor finish | Thermal insulation;Insulation;Specific component (EPD);Ecoinvent 3.6;EPD183-1;0.04;0.625;;11.24;11.24;sqm;Unknown, depends on the construction method;EPS;Synthetic insulation materials;0.05;0.95;0.0;0.0;Not available
ISOMO | Board | EPS | Excluding fixations | Compressive strength 40 kPa;Roof finish | Thermal insulation - inclined surfaces;Insulation;Specific component (EPD);Ecoinvent 3.6;EPD183-2;0.04;1.5;;11.24;11.24;sqm;Loose laid;EPS;Synthetic insulation materials;0.05;0.95;0.0;0.0;Not available
ISOMO | Board | EPS | Excluding fixations | Compressive strength 40 kPa;Roof finish | Thermal insulation - horizontal surfaces;Insulation;Specific component (EPD);Ecoinvent 3.6;EPD183-3;0.04;3.75;;11.24;11.24;sqm;Loose laid;EPS;Synthetic insulation materials;0.05;0.95;0.0;0.0;Not available
ISOMO | Board | EPS | For cavity wall | Ties and clips to be added | Compressive strength 40 kPa;Wall - external finish | Thermal insulation;Insulation;Specific component (EPD);Ecoinvent 3.6;EPD183-4;0.04;1.625;;11.24;11.24;sqm;Loose laid;EPS;Synthetic insulation materials;0.05;0.95;0.0;0.0;Not available
ISOMO | Board | EPS | Excluding fixations | To be plastered | Compressive strength 40 kPa;Wall - external finish | Thermal insulation;Insulation;Specific component (EPD);Ecoinvent 3.6;EPD183-5;0.04;3.625;;11.24;11.24;sqm;Loose laid;EPS;Synthetic insulation materials;0.05;0.95;0.0;0.0;Not available
ISOMO | Board | EPS | Excluding fixations | Compressive strength 150 kPa;Floor finish | Thermal insulation;Insulation;Specific component (EPD);Ecoinvent 3.6;EPD184-1;0.035;0.7143;;25.5;25.5;sqm;Unknown, depends on the construction method;EPS;Synthetic insulation materials;0.05;0.95;0.0;0.0;Not available
ISOMO | Board | EPS | Excluding fixations | Compressive strength 150 kPa;Roof finish | Thermal insulation - inclined surfaces;Insulation;Specific component (EPD);Ecoinvent 3.6;EPD184-2;0.035;1.7143;;25.5;25.5;sqm;Loose laid;EPS;Synthetic insulation materials;0.05;0.95;0.0;0.0;Not available
ISOMO | Board | EPS | Excluding fixations | Compressive strength 150 kPa;Roof finish | Thermal insulation - horizontal surfaces;Insulation;Specific component (EPD);Ecoinvent 3.6;EPD184-3;0.035;4.2857;;25.5;25.5;sqm;Loose laid;EPS;Synthetic insulation materials;0.05;0.95;0.0;0.0;Not available
ISOMO | Board | EPS | For cavity wall | Ties and clips to be added | Compressive strength 150 kPa;Wall - external finish | Thermal insulation;Insulation;Specific component (EPD);Ecoinvent 3.6;EPD184-4;0.035;1.8571;;25.5;25.5;sqm;Loose laid;EPS;Synthetic insulation materials;0.05;0.95;0.0;0.0;Not available
ISOMO | Board | EPS | Excluding fixations | To be plastered | Compressive strength 150 kPa;Wall - external finish | Thermal insulation;Insulation;Specific component (EPD);Ecoinvent 3.6;EPD184-5;0.035;4.1429;;25.5;25.5;sqm;Loose laid;EPS;Synthetic insulation materials;0.05;0.95;0.0;0.0;Not available
ISOMO | Board | EPS | Excluding fixations | Compressive strength 60 kPa;Floor finish | Thermal insulation;Insulation;Specific component (EPD);Ecoinvent 3.6;EPD185-1;0.04;0.625;;13.05;13.05;sqm;Unknown, depends on the construction method;EPS;Synthetic insulation materials;0.05;0.95;0.0;0.0;Not available
ISOMO | Board | EPS | Excluding fixations | Compressive strength 60 kPa;Roof finish | Thermal insulation - inclined surfaces;Insulation;Specific component (EPD);Ecoinvent 3.6;EPD185-2;0.04;1.5;;13.05;13.05;sqm;Loose laid;EPS;Synthetic insulation materials;0.05;0.95;0.0;0.0;Not available
ISOMO | Board | EPS | Excluding fixations | Compressive strength 60 kPa;Roof finish | Thermal insulation - horizontal surfaces;Insulation;Specific component (EPD);Ecoinvent 3.6;EPD185-3;0.04;3.75;;13.05;13.05;sqm;Loose laid;EPS;Synthetic insulation materials;0.05;0.95;0.0;0.0;Not available
ISOMO | Board | EPS | For cavity wall | Ties and clips to be added | Compressive strength 60 kPa;Wall - external finish | Thermal insulation;Insulation;Specific component (EPD);Ecoinvent 3.6;EPD185-4;0.04;1.625;;13.05;13.05;sqm;Loose laid;EPS;Synthetic insulation materials;0.05;0.95;0.0;0.0;Not available
ISOMO | Board | EPS | Excluding fixations | To be plastered | Compressive strength 60 kPa;Wall - external finish | Thermal insulation;Insulation;Specific component (EPD);Ecoinvent 3.6;EPD185-5;0.04;3.625;;13.05;13.05;sqm;Loose laid;EPS;Synthetic insulation materials;0.05;0.95;0.0;0.0;Not available
ISOMO | Board | EPS | Excluding fixations | Compressive strength 70 kPa;Floor finish | Thermal insulation;Insulation;Specific component (EPD);Ecoinvent 3.6;EPD186-1;0.038;0.6579;;14.95;14.95;sqm;Unknown, depends on the construction method;EPS;Synthetic insulation materials;0.05;0.95;0.0;0.0;Not available
ISOMO | Board | EPS | Excluding fixations | Compressive strength 70 kPa;Roof finish | Thermal insulation - inclined surfaces;Insulation;Specific component (EPD);Ecoinvent 3.6;EPD186-2;0.038;1.5789;;14.95;14.95;sqm;Loose laid;EPS;Synthetic insulation materials;0.05;0.95;0.0;0.0;Not available
ISOMO | Board | EPS | Excluding fixations | Compressive strength 70 kPa;Roof finish | Thermal insulation - horizontal surfaces;Insulation;Specific component (EPD);Ecoinvent 3.6;EPD186-3;0.038;3.9474;;14.95;14.95;sqm;Loose laid;EPS;Synthetic insulation materials;0.05;0.95;0.0;0.0;Not available
ISOMO | Board | EPS | For cavity wall | Ties and clips to be added | Compressive strength 70 kPa;Wall - external finish | Thermal insulation;Insulation;Specific component (EPD);Ecoinvent 3.6;EPD186-4;0.038;1.7105;;14.95;14.95;sqm;Loose laid;EPS;Synthetic insulation materials;0.05;0.95;0.0;0.0;Not available
ISOMO | Board | EPS | Excluding fixations | To be plastered | Compressive strength 70 kPa;Wall - external finish | Thermal insulation;Insulation;Specific component (EPD);Ecoinvent 3.6;EPD186-5;0.038;3.8158;;14.95;14.95;sqm;Loose laid;EPS;Synthetic insulation materials;0.05;0.95;0.0;0.0;Not available
ISOMO | Board | EPS | Excluding fixations | Compressive strength 80 kPa;Floor finish | Thermal insulation;Insulation;Specific component (EPD);Ecoinvent 3.6;EPD187-1;0.038;0.6579;;16.67;16.67;sqm;Unknown, depends on the construction method;EPS;Synthetic insulation materials;0.05;0.95;0.0;0.0;Not available
ISOMO | Board | EPS | Excluding fixations | Compressive strength 80 kPa;Roof finish | Thermal insulation - inclined surfaces;Insulation;Specific component (EPD);Ecoinvent 3.6;EPD187-2;0.038;1.5789;;16.67;16.67;sqm;Loose laid;EPS;Synthetic insulation materials;0.05;0.95;0.0;0.0;Not available
ISOMO | Board | EPS | Excluding fixations | Compressive strength 80 kPa;Roof finish | Thermal insulation - horizontal surfaces;Insulation;Specific component (EPD);Ecoinvent 3.6;EPD187-3;0.038;3.9474;;16.67;16.67;sqm;Loose laid;EPS;Synthetic insulation materials;0.05;0.95;0.0;0.0;Not available
ISOMO | Board | EPS | For cavity wall | Ties and clips to be added | Compressive strength 80 kPa;Wall - external finish | Thermal insulation;Insulation;Specific component (EPD);Ecoinvent 3.6;EPD187-4;0.038;1.7105;;16.67;16.67;sqm;Loose laid;EPS;Synthetic insulation materials;0.05;0.95;0.0;0.0;Not available
ISOMO | Board | EPS | Excluding fixations | To be plastered | Compressive strength 80 kPa;Wall - external finish | Thermal insulation;Insulation;Specific component (EPD);Ecoinvent 3.6;EPD187-5;0.038;3.8158;;16.67;16.67;sqm;Loose laid;EPS;Synthetic insulation materials;0.05;0.95;0.0;0.0;Not available
ISOMO | Board | EPS graphite | Excluding fixations | Compressive strength 100 kPa;Floor finish | Thermal insulation;Insulation;Specific component (EPD);Ecoinvent 3.6;EPD198-1;0.031;0.8065;;17.79;17.79;sqm;Unknown, depends on the construction method;EPS;Synthetic insulation materials;0.05;0.95;0.0;0.0;Not available
ISOMO | Board | EPS graphite | Excluding fixations | Compressive strength 100 kPa;Roof finish | Thermal insulation - inclined surfaces;Insulation;Specific component (EPD);Ecoinvent 3.6;EPD198-2;0.031;1.9355;;17.79;17.79;sqm;Loose laid;EPS;Synthetic insulation materials;0.05;0.95;0.0;0.0;Not available
ISOMO | Board | EPS graphite | Excluding fixations | Compressive strength 100 kPa;Roof finish | Thermal insulation - horizontal surfaces;Insulation;Specific component (EPD);Ecoinvent 3.6;EPD198-3;0.031;4.8387;;17.79;17.79;sqm;Loose laid;EPS;Synthetic insulation materials;0.05;0.95;0.0;0.0;Not available
ISOMO | Board | EPS graphite | For cavity wall | Ties and clips to be added | Compressive strength 100 kPa;Wall - external finish | Thermal insulation;Insulation;Specific component (EPD);Ecoinvent 3.6;EPD198-4;0.031;2.0968;;17.79;17.79;sqm;Loose laid;EPS;Synthetic insulation materials;0.05;0.95;0.0;0.0;Not available
ISOMO | Board | EPS graphite | Excluding fixations | To be plastered | Compressive strength 100 kPa;Wall - external finish | Thermal insulation;Insulation;Specific component (EPD);Ecoinvent 3.6;EPD198-5;0.031;4.6774;;17.79;17.79;sqm;Loose laid;EPS;Synthetic insulation materials;0.05;0.95;0.0;0.0;Not available
ISOMO | Board | EPS graphite | Excluding fixations | Compressive strength 120 kPa;Floor finish | Thermal insulation;Insulation;Specific component (EPD);Ecoinvent 3.6;EPD199-1;0.031;0.8065;;21.68;21.68;sqm;Unknown, depends on the construction method;EPS;Synthetic insulation materials;0.05;0.95;0.0;0.0;Not available
ISOMO | Board | EPS graphite | Excluding fixations | Compressive strength 120 kPa;Roof finish | Thermal insulation - inclined surfaces;Insulation;Specific component (EPD);Ecoinvent 3.6;EPD199-2;0.031;1.9355;;21.68;21.68;sqm;Loose laid;EPS;Synthetic insulation materials;0.05;0.95;0.0;0.0;Not available
ISOMO | Board | EPS graphite | Excluding fixations | Compressive strength 120 kPa;Roof finish | Thermal insulation - horizontal surfaces;Insulation;Specific component (EPD);Ecoinvent 3.6;EPD199-3;0.031;4.8387;;21.68;21.68;sqm;Loose laid;EPS;Synthetic insulation materials;0.05;0.95;0.0;0.0;Not available
ISOMO | Board | EPS graphite | For cavity wall | Ties and clips to be added | Compressive strength 120 kPa;Wall - external finish | Thermal insulation;Insulation;Specific component (EPD);Ecoinvent 3.6;EPD199-4;0.031;2.0968;;21.68;21.68;sqm;Loose laid;EPS;Synthetic insulation materials;0.05;0.95;0.0;0.0;Not available
ISOMO | Board | EPS graphite | Excluding fixations | To be plastered | Compressive strength 120 kPa;Wall - external finish | Thermal insulation;Insulation;Specific component (EPD);Ecoinvent 3.6;EPD199-5;0.031;4.6774;;21.68;21.68;sqm;Loose laid;EPS;Synthetic insulation materials;0.05;0.95;0.0;0.0;Not available
ISOMO | Board | EPS graphite | Excluding fixations | Compressive strength 80 kPa;Floor finish | Thermal insulation;Insulation;Specific component (EPD);Ecoinvent 3.6;EPD200-1;0.031;0.8065;;15.01;15.01;sqm;Unknown, depends on the construction method;EPS;Synthetic insulation materials;0.05;0.95;0.0;0.0;Not available
ISOMO | Board | EPS graphite | Excluding fixations | Compressive strength 80 kPa;Roof finish | Thermal insulation - inclined surfaces;Insulation;Specific component (EPD);Ecoinvent 3.6;EPD200-2;0.031;1.9355;;15.01;15.01;sqm;Loose laid;EPS;Synthetic insulation materials;0.05;0.95;0.0;0.0;Not available
ISOMO | Board | EPS graphite | Excluding fixations | Compressive strength 80 kPa;Roof finish | Thermal insulation - horizontal surfaces;Insulation;Specific component (EPD);Ecoinvent 3.6;EPD200-3;0.031;4.8387;;15.01;15.01;sqm;Loose laid;EPS;Synthetic insulation materials;0.05;0.95;0.0;0.0;Not available
ISOMO | Board | EPS graphite | For cavity wall | Ties and clips to be added | Compressive strength 80 kPa;Wall - external finish | Thermal insulation;Insulation;Specific component (EPD);Ecoinvent 3.6;EPD200-4;0.031;2.0968;;15.01;15.01;sqm;Loose laid;EPS;Synthetic insulation materials;0.05;0.95;0.0;0.0;Not available
ISOMO | Board | EPS graphite | Excluding fixations | To be plastered | Compressive strength 80 kPa;Wall - external finish | Thermal insulation;Insulation;Specific component (EPD);Ecoinvent 3.6;EPD200-5;0.031;4.6774;;15.01;15.01;sqm;Loose laid;EPS;Synthetic insulation materials;0.05;0.95;0.0;0.0;Not available
ISOMO | Board | EPS graphite | Excluding fixations | Compressive strength 40 kPa;Roof finish | Thermal insulation - inclined surfaces;Insulation;Specific component (EPD);Ecoinvent 3.6;EPD202-1;0.033;1.8182;;12.61;12.61;sqm;Unknown, depends on the construction method;EPS;Synthetic insulation materials;0.05;0.95;0.0;0.0;Not available
ISOMO | Board | EPS graphite | Excluding fixations | Compressive strength 40 kPa;Roof finish | Thermal insulation - horizontal surfaces;Insulation;Specific component (EPD);Ecoinvent 3.6;EPD202-2;0.033;4.5455;;12.61;12.61;sqm;Loose laid;EPS;Synthetic insulation materials;0.05;0.95;0.0;0.0;Not available
ISOMO | Board | EPS graphite | Excluding fixations | Compressive strength 40 kPa;Floor finish | Thermal insulation;Insulation;Specific component (EPD);Ecoinvent 3.6;EPD202-3;0.033;0.7576;;12.61;12.61;sqm;Loose laid;EPS;Synthetic insulation materials;0.05;0.95;0.0;0.0;Not available
ISOMO | Board | EPS graphite | For cavity wall | Ties and clips to be added | Compressive strength 40 kPa;Wall - external finish | Thermal insulation;Insulation;Specific component (EPD);Ecoinvent 3.6;EPD202-4;0.033;1.9697;;12.61;12.61;sqm;Loose laid;EPS;Synthetic insulation materials;0.05;0.95;0.0;0.0;Not available
ISOMO | Board | EPS graphite | Excluding fixations | To be plastered | Compressive strength 40 kPa;Wall - external finish | Thermal insulation;Insulation;Specific component (EPD);Ecoinvent 3.6;EPD202-5;0.033;4.3939;;12.61;12.61;sqm;Loose laid;EPS;Synthetic insulation materials;0.05;0.95;0.0;0.0;Not available
ISOMO | Board | EPS graphite | Excluding fixations | Compressive strength 50 kPa;Roof finish | Thermal insulation - inclined surfaces;Insulation;Specific component (EPD);Ecoinvent 3.6;EPD203-1;0.033;1.8182;;13.47;13.47;sqm;Unknown, depends on the construction method;EPS;Synthetic insulation materials;0.05;0.95;0.0;0.0;Not available
ISOMO | Board | EPS graphite | Excluding fixations | Compressive strength 50 kPa;Roof finish | Thermal insulation - horizontal surfaces;Insulation;Specific component (EPD);Ecoinvent 3.6;EPD203-2;0.033;4.5455;;13.47;13.47;sqm;Loose laid;EPS;Synthetic insulation materials;0.05;0.95;0.0;0.0;Not available
ISOMO | Board | EPS graphite | Excluding fixations | Compressive strength 50 kPa;Floor finish | Thermal insulation;Insulation;Specific component (EPD);Ecoinvent 3.6;EPD203-3;0.033;0.7576;;13.47;13.47;sqm;Loose laid;EPS;Synthetic insulation materials;0.05;0.95;0.0;0.0;Not available
ISOMO | Board | EPS graphite | For cavity wall | Ties and clips to be added | Compressive strength 50 kPa;Wall - external finish | Thermal insulation;Insulation;Specific component (EPD);Ecoinvent 3.6;EPD203-4;0.033;1.9697;;13.47;13.47;sqm;Loose laid;EPS;Synthetic insulation materials;0.05;0.95;0.0;0.0;Not available
ISOMO | Board | EPS graphite | Excluding fixations | To be plastered | Compressive strength 50 kPa;Wall - external finish | Thermal insulation;Insulation;Specific component (EPD);Ecoinvent 3.6;EPD203-5;0.033;4.3939;;13.47;13.47;sqm;Loose laid;EPS;Synthetic insulation materials;0.05;0.95;0.0;0.0;Not available
ISOMO | Board | EPS graphite | Excluding fixations | Compressive strength 60 kPa;Roof finish | Thermal insulation - inclined surfaces;Insulation;Specific component (EPD);Ecoinvent 3.6;EPD204-1;0.032;1.875;;14.86;14.86;sqm;Unknown, depends on the construction method;EPS;Synthetic insulation materials;0.05;0.95;0.0;0.0;Not available
ISOMO | Board | EPS graphite | Excluding fixations | Compressive strength 60 kPa;Roof finish | Thermal insulation - horizontal surfaces;Insulation;Specific component (EPD);Ecoinvent 3.6;EPD204-2;0.032;4.6875;;14.86;14.86;sqm;Loose laid;EPS;Synthetic insulation materials;0.05;0.95;0.0;0.0;Not available
ISOMO | Board | EPS graphite | Excluding fixations | Compressive strength 60 kPa;Floor finish | Thermal insulation;Insulation;Specific component (EPD);Ecoinvent 3.6;EPD204-3;0.032;0.7812;;14.86;14.86;sqm;Loose laid;EPS;Synthetic insulation materials;0.05;0.95;0.0;0.0;Not available
ISOMO | Board | EPS graphite | For cavity wall | Ties and clips to be added | Compressive strength 60 kPa;Wall - external finish | Thermal insulation;Insulation;Specific component (EPD);Ecoinvent 3.6;EPD204-4;0.032;2.0312;;14.86;14.86;sqm;Loose laid;EPS;Synthetic insulation materials;0.05;0.95;0.0;0.0;Not available
ISOMO | Board | EPS graphite | Excluding fixations | To be plastered | Compressive strength 60 kPa;Wall - external finish | Thermal insulation;Insulation;Specific component (EPD);Ecoinvent 3.6;EPD204-5;0.032;4.5312;;14.86;14.86;sqm;Loose laid;EPS;Synthetic insulation materials;0.05;0.95;0.0;0.0;Not available
RECTICEL | Board | PUR - Aluminium facer | Excluding fixations;Wall - internal finish | Thermal insulation;Insulation;Specific component (EPD);Ecoinvent 3.6;EPD10009-1;0.023;3.4783;;30.1;30.1;sqm;Unknown, depends on the construction method;PUR;Synthetic insulation materials;0.05;0.95;0.0;0.0;Not available
RECTICEL | Board | PUR - Aluminium facer | Excluding fixations;Roof finish | Thermal insulation;Insulation;Specific component (EPD);Ecoinvent 3.6;EPD10009-2;0.023;3.4783;;30.1;30.1;sqm;Loose laid;PUR;Synthetic insulation materials;0.05;0.95;0.0;0.0;Not available
RECTICEL | Board | PUR - Aluminium facer | Excluding fixations;Wall - external finish | Thermal insulation;Insulation;Specific component (EPD);Ecoinvent 3.6;EPD10009-3;0.023;3.4783;;30.1;30.1;sqm;Loose laid;PUR;Synthetic insulation materials;0.05;0.95;0.0;0.0;Not available
RECTICEL | Board | PUR - Multilayer facer | Excluding fixations;Wall - internal finish | Thermal insulation;Insulation;Specific component (EPD);Ecoinvent 3.6;EPD10010-1;0.022;3.6364;;30.1;30.1;sqm;Unknown, depends on the construction method;PUR;Synthetic insulation materials;0.05;0.95;0.0;0.0;Not available
RECTICEL | Board | PUR - Multilayer facer | Excluding fixations;Roof finish | Thermal insulation;Insulation;Specific component (EPD);Ecoinvent 3.6;EPD10010-2;0.022;3.6364;;30.1;30.1;sqm;Loose laid;PUR;Synthetic insulation materials;0.05;0.95;0.0;0.0;Not available
RECTICEL | Board | PUR - Multilayer facer | Excluding fixations;Wall - external finish | Thermal insulation;Insulation;Specific component (EPD);Ecoinvent 3.6;EPD10010-3;0.022;3.6364;;30.1;30.1;sqm;Loose laid;PUR;Synthetic insulation materials;0.05;0.95;0.0;0.0;Not available
RECTICEL | Board | PUR - Multilayer facer | Excluding fixations;Floor finish | Thermal insulation;Insulation;Specific component (EPD);Ecoinvent 3.6;EPD10010-4;0.022;3.6364;;30.1;30.1;sqm;Loose laid;PUR;Synthetic insulation materials;0.05;0.95;0.0;0.0;Not available
UNILIN | Board | PIR - Multilayer facer | For cavity wall | Ties and clips to be added;Wall - external finish | Thermal insulation;Insulation;Specific component (EPD);Ecoinvent 3.6;EPD10001-1;0.02;4.2;;32.0;32.0;sqm;Unknown, depends on the construction method;PIR;Synthetic insulation materials;0.05;0.95;0.0;0.0;Not available
UNILIN | Board | PIR - Multilayer facer | Excluding fixations;Floor bed | Thermal insulation;;Specific component (EPD);Ecoinvent 3.6;EPD10001-2;0.022;3.6364;;32.0;32.0;sqm;Loose laid;PIR;Synthetic insulation materials;0.05;0.95;0.0;0.0;Not available
UNILIN | Board | PIR - Multilayer facer | For cavity wall | Ties and clips to be added;Wall - external finish | Thermal insulation;;Specific component (EPD);Ecoinvent 3.6;EPD10001-3;0.022;3.6364;;32.0;32.0;sqm;Loose laid;PIR;Synthetic insulation materials;0.05;0.95;0.0;0.0;Not available
UNILIN | Board | PIR - Multilayer facer | Excluding fixations;Floor finish | Thermal insulation;;Specific component (EPD);Ecoinvent 3.6;EPD10001-4;0.022;3.6364;;32.0;32.0;sqm;Loose laid;PIR;Synthetic insulation materials;0.05;0.95;0.0;0.0;Not available
UNILIN | Board | PIR - Multilayer facer | Excluding fixations;Roof finish | Thermal insulation - inclined surfaces;;Specific component (EPD);Ecoinvent 3.6;EPD10001-5;0.022;3.6364;;32.0;32.0;sqm;Loose laid;PIR;Synthetic insulation materials;0.05;0.95;0.0;0.0;Not available
UNILIN | Board | PIR - Multilayer facer | Excluding fixations;Roof finish | Thermal insulation - horizontal surfaces;;Specific component (EPD);Ecoinvent 3.6;EPD10001-6;0.022;3.6364;;32.0;32.0;sqm;Loose laid;PIR;Synthetic insulation materials;0.05;0.95;0.0;0.0;Not available
VestaEco | Board | Straw;Roof finish | Thermal insulation;Insulation;Specific component (EPD);Ecoinvent 3.6;EPD132-1;0.043;1.8605;;140.0;140.0;sqm;;Straw panel;Organic insulation materials;0.05;0.95;0.0;0.0;Not available
VestaEco | Board | Straw;Wall - external finish | Thermal insulation;Insulation;Specific component (EPD);Ecoinvent 3.6;EPD132-2;0.043;1.8605;;140.0;140.0;sqm;;Straw panel;Organic insulation materials;0.05;0.95;0.0;0.0;Not available
Woolconcept | Blanket | Sheep wool | For between timber frame | Friction fitted;Internal wall - loadbearing | Thermal insulation;Insulation;Specific component (EPD);other (contact FPS);EPD337-1;0.036;1.0;;28.0;28.0;sqm;Unknown, depends on the construction method;Sheep wool, polyester;Organic insulation materials;0.05;0.95;0.0;0.0;Not available
ISOPROC | Flakes | Cellulose | For between timber frame | Blown on site;Pitched roof | Thermal insulation;Insulation;Specific component (EPD);Ecoinvent 3.6;EPD254-1;0.038;7.0;;48.0;48.0;sqm;Loose laid;Cellulose;Organic insulation materials;0.0;1.0;0.0;0.0;Not available
RECTICEL | Board | PUR - Glass fibre facer | Excluding fixations;Roof finish | Thermal insulation - horizontal surfaces;Insulation;Specific component (EPD);Ecoinvent 3.6;EPD10008-1;0.026;3.0769;;30.1;30.1;sqm;Unknown, depends on the construction method;PUR;Synthetic insulation materials;0.05;0.95;0.0;0.0;Not available
UNILIN | Board | PIR - Aluminium facer | For cavity wall | Ties and clips to be added;Wall - external finish | Thermal insulation;Insulation;Specific component (EPD);Ecoinvent 3.6;EPD10002-1;0.022;3.6364;;32.0;32.0;sqm;Unknown, depends on the construction method;PIR;Synthetic insulation materials;0.05;0.95;0.0;0.0;Not available
MUYLLE-FACON | Impregnation work | Hardwax oil;Floor finish | Treatment of cladding;Coating (interior);Specific component (EPD);Ecoinvent 3.5;EPD232-2;;;;1022.0;1022.0;sqm;Coating (chemically bonded);Oil;Surface treated, solid wood;0.0;1.0;0.0;0.0;Not available
DRAGOPAINT | Film coating | Acrylic paint (0.2 mm) | Matte finish | Airless spray application;Wall - internal finish | Treatment of cladding;Coating (interior);Specific component (EPD);Ecoinvent 3.6;EPD172-1;;;;1540.0;1540.0;sqm;Coating (chemically bonded);Paint;Finishing layer fixed to stony waste;0.05;0.0;0.0;0.95;Not available
DRAGOPAINT | Film coating | Acrylic paint (0.2 mm) | Matte finish | Brush, roller or spray application;Wall - internal finish | Treatment of cladding;Coating (interior);Specific component (EPD);Ecoinvent 3.6;EPD173-1;;;;1510.0;1510.0;sqm;Coating (chemically bonded);Paint;Finishing layer fixed to stony waste;0.05;0.0;0.0;0.95;Not available
DRAGOPAINT | Film coating | Acrylic paint (0.2 mm) | Matte finish | Brush, roller or spray application;Wall - internal finish | Treatment of cladding;Coating (interior);Specific component (EPD);Ecoinvent 3.6;EPD178-1;;;;1490.0;1490.0;sqm;Coating (chemically bonded);Paint;Finishing layer fixed to stony waste;0.05;0.0;0.0;0.95;Not available
DRAGOPAINT | Film coating | Acrylic paint (0.2 mm) | Satin finish | Airless spray application;Wall - internal finish | Treatment of cladding;Coating (interior);Specific component (EPD);Ecoinvent 3.6;EPD189-1;;;;1260.0;1260.0;sqm;Coating (chemically bonded);Paint;Finishing layer fixed to stony waste;0.05;0.0;0.0;0.95;Not available
DRAGOPAINT | Film coating | Acrylic paint (0.2 mm) | Satin finish | Brush, roller or spray application;Wall - internal finish | Treatment of cladding;Coating (interior);Specific component (EPD);Ecoinvent 3.6;EPD191-1;;;;1360.0;1360.0;sqm;Coating (chemically bonded);Paint;Finishing layer fixed to stony waste;0.05;0.0;0.0;0.95;Not available
DRAGOPAINT | Film coating | Acrylic paint (0.2 mm) | Silk finish | Airless spray application;Wall - internal finish | Treatment of cladding;Coating (interior);Specific component (EPD);Ecoinvent 3.6;EPD188-1;;;;1470.0;1470.0;sqm;Coating (chemically bonded);Paint;Finishing layer fixed to stony waste;0.05;0.0;0.0;0.95;Not available
DRAGOPAINT | Film coating | Acrylic paint (0.2 mm) | Velvet finish | Airless spray application;Wall - internal finish | Treatment of cladding;Coating (interior);Specific component (EPD);Ecoinvent 3.6;EPD193-1;;;;1300.0;1300.0;sqm;Coating (chemically bonded);Paint;Finishing layer fixed to stony waste;0.05;0.0;0.0;0.95;Not available
DRAGOPAINT | Film coating | Acrylic paint (0.2 mm) | Velvet finish | Airless spray application;Wall - internal finish | Treatment of cladding;Coating (interior);Specific component (EPD);Ecoinvent 3.6;EPD196-1;;;;1410.0;1410.0;sqm;Coating (chemically bonded);Paint;Finishing layer fixed to stony waste;0.05;0.0;0.0;0.95;Not available
DRAGOPAINT | Film coating | Acrylic paint (0.2 mm) | Velvet finish | Brush, roller or spray application;Wall - internal finish | Treatment of cladding;Coating (interior);Specific component (EPD);Ecoinvent 3.6;EPD195-1;;;;1460.0;1460.0;sqm;Coating (chemically bonded);Paint;Finishing layer fixed to stony waste;0.05;0.0;0.0;0.95;Not available
DRAGOPAINT | Film coating | Water-based paint (0.2 mm) | Gloss finish | Brush, roller or spray application;Wall - internal finish | Treatment of cladding;Coating (interior);Specific component (EPD);Ecoinvent 3.6;EPD157-1;;;;1255.0;1255.0;sqm;Coating (chemically bonded);Paint;Finishing layer fixed to stony waste;0.05;0.0;0.0;0.95;Not available
DRAGOPAINT | Film coating | Water-based paint (0.2 mm) | Matte finish | Brush, roller or spray application;Wall - internal finish | Treatment of cladding;Coating (interior);Specific component (EPD);Ecoinvent 3.6;EPD159-1;;;;1650.0;1650.0;sqm;Coating (chemically bonded);Paint;Finishing layer fixed to stony waste;0.05;0.0;0.0;0.95;Not available
DRAGOPAINT | Film coating | Water-based paint (0.2 mm) | Satin finish | Brush, roller or spray application;Wall - internal finish | Treatment of cladding;Coating (interior);Specific component (EPD);Ecoinvent 3.6;EPD171-1;;;;1340.0;1340.0;sqm;Coating (chemically bonded);Paint;Finishing layer fixed to stony waste;0.05;0.0;0.0;0.95;Not available
Eternit | Board | Fibre cement | Screwed | Coated finish;Wall - external finish | Cladding;Roofs/Walls cladding (exterior);Specific component (EPD);Ecoinvent 3.6;EPD280-1;0.407;0.0197;;1650.0;1650.0;sqm;Screwed;Fibre cement sheets;Fibre cement products;1.0;0.0;0.0;0.0;Not available
Eternit | Board | Fibre cement | Screwed | Coated finish;Wall - external finish | Cladding;Roofs/Walls cladding (exterior);Specific component (EPD);Ecoinvent 3.6;EPD280-1;0.407;0.0197;;1650.0;1650.0;sqm;Screwed;Screws;Metals;0.05;0.0;0.0;0.95;0.0
Eternit | Board | Fibre cement | Screwed | Coated finish;Ceiling finish | Cladding;Roofs/Walls cladding (exterior);Specific component (EPD);Ecoinvent 3.6;EPD280-2;0.407;0.0197;;1650.0;1650.0;sqm;Screwed;Fibre cement sheets;Fibre cement products;1.0;0.0;0.0;0.0;Not available
Eternit | Board | Fibre cement | Screwed | Coated finish;Ceiling finish | Cladding;Roofs/Walls cladding (exterior);Specific component (EPD);Ecoinvent 3.6;EPD280-2;0.407;0.0197;;1650.0;1650.0;sqm;Screwed;Screws;Metals;0.05;0.0;0.0;0.95;0.0
Eternit | Board | Fibre cement | Screwed | Matte finish;Ceiling finish | Cladding;Roofs/Walls cladding (exterior);Specific component (EPD);Ecoinvent 3.6;EPD282-1;0.6;0.0133;;1650.0;1650.0;sqm;Screwed;Fibre cement sheets;Fibre cement products;1.0;0.0;0.0;0.0;Not available
Eternit | Board | Fibre cement | Screwed | Matte finish;Ceiling finish | Cladding;Roofs/Walls cladding (exterior);Specific component (EPD);Ecoinvent 3.6;EPD282-1;0.6;0.0133;;1650.0;1650.0;sqm;Screwed;Screws;Metals;0.05;0.0;0.0;0.95;0.0
Eternit | Board | Fibre cement | Screwed | Matte finish;Wall - external finish | Cladding;Roofs/Walls cladding (exterior);Specific component (EPD);Ecoinvent 3.6;EPD282-2;0.6;0.0133;;1650.0;1650.0;sqm;Screwed;Fibre cement sheets;Fibre cement products;1.0;0.0;0.0;0.0;Not available
Eternit | Board | Fibre cement | Screwed | Matte finish;Wall - external finish | Cladding;Roofs/Walls cladding (exterior);Specific component (EPD);Ecoinvent 3.6;EPD282-2;0.6;0.0133;;1650.0;1650.0;sqm;Screwed;Screws;Metals;0.05;0.0;0.0;0.95;0.0
Eternit | Board | Fibre cement | Screwed | Raw finish;Wall - external finish | Cladding;Roofs/Walls cladding (exterior);Specific component (EPD);Ecoinvent 3.6;EPD270-1;0.39;0.0205;;1580.0;1580.0;sqm;Screwed;Fibre cement sheets;Fibre cement products;1.0;0.0;0.0;0.0;Not available
Eternit | Board | Fibre cement | Screwed | Raw finish;Wall - external finish | Cladding;Roofs/Walls cladding (exterior);Specific component (EPD);Ecoinvent 3.6;EPD270-1;0.39;0.0205;;1580.0;1580.0;sqm;Screwed;Screws;Metals;0.05;0.0;0.0;0.95;0.0
Eternit | Board | Fibre cement | Screwed | Raw finish;Ceiling finish | Cladding;Roofs/Walls cladding (exterior);Specific component (EPD);Ecoinvent 3.6;EPD270-2;0.39;0.0205;;1580.0;1580.0;sqm;Screwed;Fibre cement sheets;Fibre cement products;1.0;0.0;0.0;0.0;Not available
Eternit | Board | Fibre cement | Screwed | Raw finish;Ceiling finish | Cladding;Roofs/Walls cladding (exterior);Specific component (EPD);Ecoinvent 3.6;EPD270-2;0.39;0.0205;;1580.0;1580.0;sqm;Screwed;Screws;Metals;0.05;0.0;0.0;0.95;0.0
Eternit | Board | Fibre cement | Screwed | Textured finish;Ceiling finish | Cladding;Roofs/Walls cladding (exterior);Specific component (EPD);Ecoinvent 3.6;EPD272-1;0.39;0.0256;;1580.0;1580.0;sqm;Screwed;Fibre cement sheets;Fibre cement products;1.0;0.0;0.0;0.0;Not available
Eternit | Board | Fibre cement | Screwed | Textured finish;Ceiling finish | Cladding;Roofs/Walls cladding (exterior);Specific component (EPD);Ecoinvent 3.6;EPD272-1;0.39;0.0256;;1580.0;1580.0;sqm;Screwed;Screws;Metals;0.05;0.0;0.0;0.95;0.0
Eternit | Board | Fibre cement | Screwed | Textured finish;Wall - external finish | Cladding;Roofs/Walls cladding (exterior);Specific component (EPD);Ecoinvent 3.6;EPD272-2;0.39;0.0256;;1580.0;1580.0;sqm;Screwed;Fibre cement sheets;Fibre cement products;1.0;0.0;0.0;0.0;Not available
Eternit | Board | Fibre cement | Screwed | Textured finish;Wall - external finish | Cladding;Roofs/Walls cladding (exterior);Specific component (EPD);Ecoinvent 3.6;EPD272-2;0.39;0.0256;;1580.0;1580.0;sqm;Screwed;Screws;Metals;0.05;0.0;0.0;0.95;0.0
SVK | Corrugated sheet | Fibre cement (2135x1090 mm - overlap 200 mm) | Screwed;Roof finish | Cladding - inclined surfaces;Roofs/Walls cladding (exterior);Specific component (EPD);Ecoinvent 3.6;EPD225-1;0.37;0.0176;;1400.0;1400.0;sqm;Screwed;Corrugated sheets;Fibre cement products;1.0;0.0;0.0;0.0;Not available
SVK | Corrugated sheet | Fibre cement (2500x1090 mm - overlap 200 mm) | Screwed;Roof finish | Cladding - inclined surfaces;Roofs/Walls cladding (exterior);Specific component (EPD);Ecoinvent 3.6;EPD225-2;0.37;0.0176;;1400.0;1400.0;sqm;Screwed;Corrugated sheets;Fibre cement products;1.0;0.0;0.0;0.0;Not available
SVK | Corrugated sheet | Fibre cement (2750x1090 mm - overlap 200 mm) | Screwed;Roof finish | Cladding - inclined surfaces;Roofs/Walls cladding (exterior);Specific component (EPD);Ecoinvent 3.6;EPD225-3;0.37;0.0176;;1400.0;1400.0;sqm;Screwed;Corrugated sheets;Fibre cement products;1.0;0.0;0.0;0.0;Not available
SVK | Corrugated sheet | Fibre cement (1220x1090 mm - overlap 200 mm) | Screwed;Roof finish | Cladding - inclined surfaces;Roofs/Walls cladding (exterior);Specific component (EPD);Ecoinvent 3.6;EPD225-4;0.37;0.0176;;1400.0;1400.0;sqm;Screwed;Corrugated sheets;Fibre cement products;1.0;0.0;0.0;0.0;Not available
SVK | Corrugated sheet | Fibre cement (3050x1090 mm - overlap 200 mm) | Screwed;Roof finish | Cladding - inclined surfaces;Roofs/Walls cladding (exterior);Specific component (EPD);Ecoinvent 3.6;EPD225-5;0.37;0.0176;;1400.0;1400.0;sqm;Screwed;Corrugated sheets;Fibre cement products;1.0;0.0;0.0;0.0;Not available
SVK | Corrugated sheet | Fibre cement (1585x1090 mm - overlap 200 mm) | Screwed;Roof finish | Cladding - inclined surfaces;Roofs/Walls cladding (exterior);Specific component (EPD);Ecoinvent 3.6;EPD225-6;0.37;0.0176;;1400.0;1400.0;sqm;Screwed;Corrugated sheets;Fibre cement products;1.0;0.0;0.0;0.0;Not available
SVK | Corrugated sheet | Fibre cement (1600x1090 mm - overlap 200 mm) | Screwed;Roof finish | Cladding - inclined surfaces;Roofs/Walls cladding (exterior);Specific component (EPD);Ecoinvent 3.6;EPD225-7;0.37;0.0176;;1400.0;1400.0;sqm;Screwed;Corrugated sheets;Fibre cement products;1.0;0.0;0.0;0.0;Not available
SVK | Corrugated sheet | Fibre cement (2440x1090 mm - overlap 200 mm) | Screwed;Roof finish | Cladding - inclined surfaces;Roofs/Walls cladding (exterior);Specific component (EPD);Ecoinvent 3.6;EPD225-8;0.37;0.0176;;1400.0;1400.0;sqm;Screwed;Corrugated sheets;Fibre cement products;1.0;0.0;0.0;0.0;Not available
SVK | Corrugated sheet | Fibre cement (1250x1090 mm - overlap 200 mm) | Screwed;Wall - external finish | Cladding;Roofs/Walls cladding (exterior);Specific component (EPD);Ecoinvent 3.6;EPD225-9;0.37;0.0176;;1400.0;1400.0;sqm;Screwed;Corrugated sheets;Fibre cement products;1.0;0.0;0.0;0.0;Not available
SVK | Corrugated sheet | Fibre cement (1220x1090 mm - overlap 200 mm) | Screwed;Wall - external finish | Cladding;Roofs/Walls cladding (exterior);Specific component (EPD);Ecoinvent 3.6;EPD225-10;0.37;0.0176;;1400.0;1400.0;sqm;Screwed;Corrugated sheets;Fibre cement products;1.0;0.0;0.0;0.0;Not available
SVK | Corrugated sheet | Fibre cement (1525x1090 mm - overlap 200 mm) | Screwed;Roof finish | Cladding - inclined surfaces;Roofs/Walls cladding (exterior);Specific component (EPD);Ecoinvent 3.6;EPD225-11;0.37;0.0176;;1400.0;1400.0;sqm;Screwed;Corrugated sheets;Fibre cement products;1.0;0.0;0.0;0.0;Not available
SVK | Corrugated sheet | Fibre cement (2000x1090 mm - overlap 200 mm) | Screwed;Roof finish | Cladding - inclined surfaces;Roofs/Walls cladding (exterior);Specific component (EPD);Ecoinvent 3.6;EPD225-12;0.37;0.0176;;1400.0;1400.0;sqm;Screwed;Corrugated sheets;Fibre cement products;1.0;0.0;0.0;0.0;Not available
SVK | Corrugated sheet | Fibre cement (1250x1090 mm - overlap 200 mm) | Screwed;Roof finish | Cladding - inclined surfaces;Roofs/Walls cladding (exterior);Specific component (EPD);Ecoinvent 3.6;EPD225-13;0.37;0.0176;;1400.0;1400.0;sqm;Screwed;Corrugated sheets;Fibre cement products;1.0;0.0;0.0;0.0;Not available
SVK | Corrugated sheet | Fibre cement (1830x1090 mm - overlap 200 mm) | Screwed;Roof finish | Cladding - inclined surfaces;Roofs/Walls cladding (exterior);Specific component (EPD);Ecoinvent 3.6;EPD225-14;0.37;0.0176;;1400.0;1400.0;sqm;Screwed;Corrugated sheets;Fibre cement products;1.0;0.0;0.0;0.0;Not available
SVK | Slating | Fibre cement (600x320 mm - overlap 110 mm) | Clipped;Roof finish | Cladding - inclined surfaces;Roofs/Walls cladding (exterior);Specific component (EPD);Ecoinvent 3.6;EPD45-1;0.37;0.0108;;1700.0;1700.0;sqm;Nailed;Slates;Fibre cement products;1.0;0.0;0.0;0.0;Not available
SVK | Slating | Fibre cement (600x320 mm - overlap 130 mm) | Clipped;Roof finish | Cladding - inclined surfaces;Roofs/Walls cladding (exterior);Specific component (EPD);Ecoinvent 3.6;EPD45-2;0.37;0.0108;;1700.0;1700.0;sqm;Nailed;Slates;Fibre cement products;1.0;0.0;0.0;0.0;Not available
SVK | Slating | Fibre cement (600x400 mm - overlap 110 mm) | Clipped;Roof finish | Cladding - inclined surfaces;Roofs/Walls cladding (exterior);Specific component (EPD);Ecoinvent 3.6;EPD45-3;0.37;0.0108;;1700.0;1700.0;sqm;Nailed;Slates;Fibre cement products;1.0;0.0;0.0;0.0;Not available
SVK | Slating | Fibre cement (600x400 mm - overlap 50 mm) | Clipped;Roof finish | Cladding - inclined surfaces;Roofs/Walls cladding (exterior);Specific component (EPD);Ecoinvent 3.6;EPD45-4;0.37;0.0108;;1700.0;1700.0;sqm;Nailed;Slates;Fibre cement products;1.0;0.0;0.0;0.0;Not available
SVK | Slating | Fibre cement (600x400 mm - overlap 90 mm) | Clipped;Roof finish | Cladding - inclined surfaces;Roofs/Walls cladding (exterior);Specific component (EPD);Ecoinvent 3.6;EPD45-5;0.37;0.0108;;1700.0;1700.0;sqm;Nailed;Slates;Fibre cement products;1.0;0.0;0.0;0.0;Not available
SVK | Slating | Fibre cement (600x400 mm - overlap 130 mm) | Clipped;Roof finish | Cladding - inclined surfaces;Roofs/Walls cladding (exterior);Specific component (EPD);Ecoinvent 3.6;EPD45-6;0.37;0.0108;;1700.0;1700.0;sqm;Nailed;Slates;Fibre cement products;1.0;0.0;0.0;0.0;Not available
SVK | Slating | Fibre cement (600x320 mm - overlap 50 mm) | Clipped;Roof finish | Cladding - inclined surfaces;Roofs/Walls cladding (exterior);Specific component (EPD);Ecoinvent 3.6;EPD45-7;0.37;0.0108;;1700.0;1700.0;sqm;Nailed;Slates;Fibre cement products;1.0;0.0;0.0;0.0;Not available
SVK | Slating | Fibre cement (600x320 mm - overlap 90 mm) | Clipped;Roof finish | Cladding - inclined surfaces;Roofs/Walls cladding (exterior);Specific component (EPD);Ecoinvent 3.6;EPD45-8;0.37;0.0108;;1700.0;1700.0;sqm;Nailed;Slates;Fibre cement products;1.0;0.0;0.0;0.0;Not available
SVK | Slating | Fibre cement (600x300 mm - overlap 90 mm) | Clipped;Roof finish | Cladding - inclined surfaces;Roofs/Walls cladding (exterior);Specific component (EPD);Ecoinvent 3.6;EPD45-9;0.37;0.0108;;1700.0;1700.0;sqm;Nailed;Slates;Fibre cement products;1.0;0.0;0.0;0.0;Not available
SVK | Slating | Fibre cement (600x300 mm - overlap 50 mm) | Clipped;Roof finish | Cladding - inclined surfaces;Roofs/Walls cladding (exterior);Specific component (EPD);Ecoinvent 3.6;EPD45-10;0.37;0.0108;;1700.0;1700.0;sqm;Nailed;Slates;Fibre cement products;1.0;0.0;0.0;0.0;Not available
Eternit | Planks | Fibre cement (10 mm) | Screwed;Wall - external finish | Cladding;Roofs/Walls cladding (exterior);Specific component (EPD);Ecoinvent 3.6;EPD283-1;0.212;0.0472;;1300.0;1300.0;sqm;Screwed;Fibre cement sheets;Fibre cement products;1.0;0.0;0.0;0.0;Not available
Eternit | Planks | Fibre cement (10 mm) | Screwed;Wall - external finish | Cladding;Roofs/Walls cladding (exterior);Specific component (EPD);Ecoinvent 3.6;EPD283-1;0.212;0.0472;;1300.0;1300.0;sqm;Screwed;Screws;Metals;0.05;0.0;0.0;0.95;0.0
SVK | Board | Fibre cement (2520x1220x8 mm) | Screwed;Wall - external finish | Cladding;Roofs/Walls cladding (exterior);Specific component (EPD);Ecoinvent 3.6;EPD47-1;0.37;0.0216;;1700.0;1700.0;sqm;Screwed;Flat sheets;Fibre cement products;1.0;0.0;0.0;0.0;Not available
SVK | Board | Fibre cement (3070x1220x8 mm) | Screwed;Wall - external finish | Cladding;Roofs/Walls cladding (exterior);Specific component (EPD);Ecoinvent 3.6;EPD47-2;0.37;0.0216;;1700.0;1700.0;sqm;Screwed;Flat sheets;Fibre cement products;1.0;0.0;0.0;0.0;Not available
SVK | Board | Fibre cement (3085x1235x8 mm) | Screwed;Wall - external finish | Cladding;Roofs/Walls cladding (exterior);Specific component (EPD);Ecoinvent 3.6;EPD47-3;0.37;0.0216;;1700.0;1700.0;sqm;Screwed;Flat sheets;Fibre cement products;1.0;0.0;0.0;0.0;Not available
SVK | Board | Fibre cement (2535x1235x8 mm) | Screwed;Wall - external finish | Cladding;Roofs/Walls cladding (exterior);Specific component (EPD);Ecoinvent 3.6;EPD47-4;0.37;0.0216;;1700.0;1700.0;sqm;Screwed;Flat sheets;Fibre cement products;1.0;0.0;0.0;0.0;Not available
SVK | Board | Fibre cement (2535x1235x10 mm) | Screwed;Wall - external finish | Cladding;Roofs/Walls cladding (exterior);Specific component (EPD);Ecoinvent 3.6;EPD47-5;0.37;0.027;;1700.0;1700.0;sqm;Screwed;Flat sheets;Fibre cement products;1.0;0.0;0.0;0.0;Not available
SVK | Board | Fibre cement (2520x1220x10 mm) | Screwed;Wall - external finish | Cladding;Roofs/Walls cladding (exterior);Specific component (EPD);Ecoinvent 3.6;EPD47-6;0.37;0.027;;1700.0;1700.0;sqm;Screwed;Flat sheets;Fibre cement products;1.0;0.0;0.0;0.0;Not available
SVK | Board | Fibre cement (3070x1220x10 mm) | Screwed;Wall - external finish | Cladding;Roofs/Walls cladding (exterior);Specific component (EPD);Ecoinvent 3.6;EPD47-7;0.37;0.027;;1700.0;1700.0;sqm;Screwed;Flat sheets;Fibre cement products;1.0;0.0;0.0;0.0;Not available
SVK | Board | Fibre cement (2520x1220x12 mm) | Screwed;Wall - external finish | Cladding;Roofs/Walls cladding (exterior);Specific component (EPD);Ecoinvent 3.6;EPD47-8;0.37;0.0324;;1700.0;1700.0;sqm;Screwed;Flat sheets;Fibre cement products;1.0;0.0;0.0;0.0;Not available
SVK | Board | Fibre cement (3085x1235x10 mm) | Screwed;Wall - external finish | Cladding;Roofs/Walls cladding (exterior);Specific component (EPD);Ecoinvent 3.6;EPD47-9;0.37;0.027;;1700.0;1700.0;sqm;Screwed;Flat sheets;Fibre cement products;1.0;0.0;0.0;0.0;Not available
SVK | Board | Fibre cement (3070x1220x12 mm) | Screwed;Wall - external finish | Cladding;Roofs/Walls cladding (exterior);Specific component (EPD);Ecoinvent 3.6;EPD47-10;0.37;0.0324;;1700.0;1700.0;sqm;Screwed;Flat sheets;Fibre cement products;1.0;0.0;0.0;0.0;Not available
SVK | Board | Fibre cement (3085x1235x12 mm) | Screwed;Wall - external finish | Cladding;Roofs/Walls cladding (exterior);Specific component (EPD);Ecoinvent 3.6;EPD47-11;0.37;0.0324;;1700.0;1700.0;sqm;Screwed;Flat sheets;Fibre cement products;1.0;0.0;0.0;0.0;Not available
SVK | Board | Fibre cement (2535x1235x12 mm) | Screwed;Wall - external finish | Cladding;Roofs/Walls cladding (exterior);Specific component (EPD);Ecoinvent 3.6;EPD47-12;0.37;0.0324;;1700.0;1700.0;sqm;Screwed;Flat sheets;Fibre cement products;1.0;0.0;0.0;0.0;Not available
